Time, OriginalLeftVelocity, OriginalRightVelocity, NewLeftVelocity, NewRightVelocity
0.0, 0.0, 0.0, 0.0, 0.0
0.02, 0.03999706189271094, 0.04000293810728905, 0.03999706189271295, 0.04000293810729106
0.04, 0.07997649514168755, 0.08002350485831243, 0.07997649514169157, 0.08002350485831645
0.06, 0.11992067110319546, 0.12007932889680448, 0.11992067110320151, 0.12007932889681053
0.08, 0.1598119611335004, 0.16018803886649954, 0.15981196113350846, 0.1601880388665076
0.1, 0.199632736588868, 0.20036726341113192, 0.19963273658887806, 0.20036726341114205
0.12000000000000001, 0.23936536882556395, 0.24063463117443598, 0.23936536882557596, 0.24063463117444817
0.14, 0.27899222919985395, 0.2810077708001461, 0.2789922291998679, 0.28100777080016026
0.16, 0.31849568906800346, 0.32150431093199644, 0.3184956890680194, 0.3215043109320127
0.18, 0.35785811978627835, 0.3621418802137215, 0.3578581197862962, 0.36214188021373983
0.19999999999999998, 0.39706189271094416, 0.40293810728905555, 0.3970618927109641, 0.40293810728907603
0.21999999999999997, 0.43608937919826674, 0.44391062080173294, 0.43608937919828855, 0.44391062080175553
0.23999999999999996, 0.4749229506045116, 0.485077049395488, 0.4749229506045353, 0.4850770493955127
0.25999999999999995, 0.5135449782859445, 0.5264550217140551, 0.51354497828597, 0.526455021714082
0.27999999999999997, 0.5537681632132064, 0.5662318367867932, 0.5534534162936495, 0.5665465837064065
0.3, 0.5941668478879822, 0.6058331521120175, 0.5934647344167066, 0.6065352655833536
0.32, 0.634740115157344, 0.6452598848426558, 0.6335751417628542, 0.64642485823721
0.34, 0.6754996038609309, 0.684500396139069, 0.673791244280299, 0.6862087557197692
0.36000000000000004, 0.7164569528383821, 0.7235430471616179, 0.7141196479172466, 0.7258803520828258
0.38000000000000006, 0.7576238009293363, 0.7623761990706637, 0.7545669586219033, 0.7654330413781731
0.4000000000000001, 0.7990117869734329, 0.8009882130265672, 0.795139782342475, 0.8048602176576055
0.4200000000000001, 0.8397866886498878, 0.8402133113501126, 0.8365164402991965, 0.8434835597008881
0.4400000000000001, 0.8805167313083692, 0.8794832686916313, 0.8782816898999565, 0.8817183101001321
0.46000000000000013, 0.9213500577354766, 0.9186499422645239, 0.920316399974582, 0.9196836000255106
0.48000000000000015, 0.9621733213214544, 0.9578266786785462, 0.9621715315944216, 0.9578284684056751
0.5000000000000001, 1.0027046487202023, 0.9972953512797983, 1.0027027844212097, 0.997297215578891
0.5200000000000001, 1.0432899482426667, 1.0367100517573338, 1.0432880093717147, 1.0367119906283901
0.5400000000000001, 1.083931378773797, 1.0760686212262036, 1.0839293653308852, 1.0760706346692237
0.5600000000000002, 1.1244693088095656, 1.1155306911904355, 1.1244683169285468, 1.1155316830715662
0.5800000000000002, 1.1649114651374277, 1.1550885348625735, 1.1649104378320867, 1.1550895621680304
0.6000000000000002, 1.2053833623238257, 1.1946166376761755, 1.2053822995941628, 1.1946177004059584
0.6200000000000002, 1.245886025915606, 1.2341139740843954, 1.245884927761621, 1.2341150722385041
0.6400000000000002, 1.2862962931864683, 1.273703706813533, 1.28629568393779, 1.2737043160623394
0.6600000000000003, 1.3266901015322894, 1.313309898467712, 1.3266894732445897, 1.3133105267555436
0.6800000000000003, 1.367102099033533, 1.3528979009664686, 1.367101451706812, 1.3528985482933253
0.7000000000000003, 1.407532836876727, 1.3924671631232746, 1.407532170510985, 1.3924678294891566
0.7200000000000003, 1.4479090188405757, 1.432090981159426, 1.4479085625276964, 1.4320914374724487
0.7400000000000003, 1.4882939052559991, 1.4717060947440026, 1.4882934362677622, 1.471706563732387
0.7600000000000003, 1.52869236905068, 1.5113076309493219, 1.5286918873870854, 1.5113081126130679
0.7800000000000004, 1.5691028015782225, 1.550897198421779, 1.5691023809717544, 1.550897619028403
0.8000000000000004, 1.6095006443674849, 1.5904993556325167, 1.6095002129762355, 1.590499787023926
0.8200000000000004, 1.6499109760899568, 1.6300890239100447, 1.6499105339139262, 1.6300894660862393
0.8400000000000004, 1.6903341089689683, 1.6696658910310334, 1.6903336560081565, 1.669666343992013
0.8600000000000004, 1.7307704296044897, 1.709229570395512, 1.73076996495911, 1.7092300350410636
0.8800000000000004, 1.7712204896928385, 1.7487795103071633, 1.7712200142417525, 1.7487799857584252
0.9000000000000005, 1.811686939069029, 1.7883130609309734, 1.8116864305308797, 1.7883135694693015
0.9200000000000005, 1.8521748999925938, 1.8278251000074086, 1.852174380153597, 1.8278256198465888
0.9400000000000005, 1.8926837259741973, 1.8673162740258047, 1.8926831585561072, 1.8673168414440822
0.9600000000000005, 1.9332192199110165, 1.9067807800889855, 1.9332186404202012, 1.9067813595799923
0.9800000000000005, 1.973782091899928, 1.9462179081000741, 1.9737814504089815, 1.946218549591216
1.0000000000000004, 2.014376040733327, 1.985623959266675, 2.0143753861507285, 1.985624613849473
1.0200000000000005, 2.0550066713061907, 2.024993328693811, 2.0550059394525544, 2.0249940605476517
1.0400000000000005, 2.095671768982235, 2.064328231017767, 2.0956710227785273, 2.0643289772216824
1.0600000000000005, 2.1363868106843467, 2.1036131893156553, 2.1363859702179147, 2.1036140297822987
1.0800000000000005, 2.177138100129159, 2.142861899870843, 2.17713724380487, 2.1428627561953477
1.1000000000000005, 2.217958302333348, 2.182041697666654, 2.2179573321345996, 2.182042667865622
1.1200000000000006, 2.2588162734704604, 2.2211837265295418, 2.258815168259531, 2.221184831740695
1.1400000000000006, 2.2997656351307763, 2.260234364869227, 2.299764510183937, 2.2602354898162935
1.1600000000000006, 2.3407674832542615, 2.2992325167457417, 2.3407661956255303, 2.299233804374704
1.1800000000000006, 2.381864983852178, 2.338135016147825, 2.3818636740229517, 2.338136325977287
1.2000000000000006, 2.4230499565524153, 2.376950043447588, 2.4230484501848126, 2.3769515498154306
1.2200000000000006, 2.4643282462578666, 2.415671753742137, 2.4643267147841375, 2.4156732852161094
1.2400000000000007, 2.4856673983830793, 2.434589353694608, 2.485678991771558, 2.4346041658208395
1.2600000000000007, 2.5000000985799415, 2.4465270962227894, 2.500000096316011, 2.4465310708155803
1.2800000000000007, 2.5000005845725313, 2.4441465444456214, 2.500000585209143, 2.4441505161378694
1.3000000000000007, 2.500000564881821, 2.4416365577845265, 2.5000005630465005, 2.4416411165757466
1.3200000000000007, 2.5000005171305917, 2.4389062538451043, 2.5000005191185704, 2.4389108088130262
1.3400000000000007, 2.5000010516130966, 2.435893636021578, 2.5000010507025627, 2.4358988950169373
1.3600000000000008, 2.500000066708266, 2.4327441799064196, 2.5000000708973538, 2.432749433802157
1.3800000000000008, 2.5000014358272225, 2.4290987458214195, 2.500001436716241, 2.4291048489851557
1.4000000000000008, 2.500001121067754, 2.4252659252966726, 2.500001115858567, 2.425273061681714
1.4200000000000008, 2.500001412094584, 2.420992909565911, 2.5000014163152184, 2.4210000365211317
1.4400000000000008, 2.5000025028502044, 2.416259531160499, 2.500002500003302, 2.4162679202132855
1.4600000000000009, 2.500000283550652, 2.411237060313376, 2.500000293781515, 2.411245436288396
1.4800000000000009, 2.5000035696229763, 2.405325881237671, 2.5000035721617793, 2.4053358082989926
1.5000000000000009, 2.5000032557453973, 2.3990079949643603, 2.5000032430960575, 2.399019847481407
1.520000000000001, 2.50000294581508, 2.391914314189, 2.500002959448749, 2.3919261404230365
1.540000000000001, 2.5000070084806545, 2.383794078737564, 2.500007005801045, 2.3838083007441666
1.560000000000001, 2.5000033669852915, 2.375021294285278, 2.500003331864982, 2.3750385310873314
1.580000000000001, 2.500007565550759, 2.3647105134651154, 2.500007586542813, 2.3647276941548054
1.600000000000001, 2.4842398399363477, 2.3382094954893855, 2.500000005857469, 2.3608193978408094
1.620000000000001, 2.457343920033135, 2.3004420175038813, 2.5000209755497322, 2.357604799205187
1.640000000000001, 2.423569993522862, 2.2542159440141543, 2.500049745140874, 2.329121208658904
1.660000000000001, 2.3905293425564147, 2.2072565949806013, 2.5000291443140665, 2.3068651723055376
1.680000000000001, 2.3580657992035543, 2.1597201383334617, 2.497891326891039, 2.284714409119338
1.700000000000001, 2.327116209005008, 2.1106697285320077, 2.4891799006434727, 2.2532293928341964
1.720000000000001, 2.297537454515399, 2.060248483021617, 2.4645324287541346, 2.2025428037774875
1.740000000000001, 2.2697113492319736, 2.008074588305042, 2.4410093106026025, 2.146065921929015
1.7600000000000011, 2.245632802221742, 1.952153135315274, 2.4195979439061515, 2.0874772886254624
1.7800000000000011, 2.2205140183216288, 1.8972719192153868, 2.397176926676461, 2.0298983058551485
1.8000000000000012, 2.200379757056771, 1.8374061804802448, 2.3879305583496206, 1.959144674181984
1.8200000000000012, 2.185052217846258, 1.7727337196907573, 2.376820236132682, 1.8902549963989195
1.8400000000000012, 2.168027645550317, 1.7097582919866983, 2.379263879882793, 1.8078113526488035
1.8600000000000012, 2.1673482704490765, 1.6304376670879395, 2.387782517942864, 1.7192927145887291
1.8800000000000012, 2.165968162640004, 1.5518177748970114, 2.4113241929218785, 1.6157510396097112
1.9000000000000012, 2.178096326965533, 1.4596896105714823, 2.451804001356454, 1.4952712311751313
1.9200000000000013, 2.202083779926832, 1.355702157610183, 2.4807785848450727, 1.3862966476865093
1.9400000000000013, 2.236396479198681, 1.2413894583383345, 2.498924504907491, 1.2881507276240867
1.9600000000000013, 2.2944001422973055, 1.1033857952397095, 2.500503385089485, 1.2302777839370056
1.9800000000000013, 2.3594294570842975, 0.9583564804527175, 2.500077847190182, 1.179008781751755
2.0000000000000013, 2.437618913443128, 0.800167024093887, 2.5000301048878715, 1.136769847023118
2.0200000000000014, 2.495127689050172, 0.6626582484868435, 2.5000976644068236, 1.104158164598398
2.0400000000000014, 2.48286837619461, 0.6385734472408426, 2.5000436444388905, 1.078932240514504
2.0600000000000014, 2.3662194876368066, 0.8352223357986464, 2.5000143875524397, 1.0639847037266752
2.0800000000000014, 1.8845509788220955, 1.3968908446133577, 2.5000192541395965, 1.0562544233356435
2.1000000000000014, 1.8470237187407963, 1.5076564598038993, 2.5000013233749945, 1.051670826003811
2.1200000000000014, 2.1726590833263293, 1.250972853047977, 2.500005030511458, 1.0569277058847868
2.1400000000000015, 2.4353640298442167, 1.013085488461465, 2.500004320758701, 1.0684267689482465
2.1600000000000015, 2.5001236091563364, 0.8710308598284192, 2.50003092848885, 1.0852881346150447
2.1800000000000015, 2.500178992282051, 0.8164443252394683, 2.500061370464447, 1.1054836441029252
2.2000000000000015, 2.500050620924159, 0.8234637316963331, 2.5000525497893125, 1.1281755362673827
2.2200000000000015, 2.5004903468166906, 0.8612926888614695, 2.5000197392698507, 1.1527907811846778
2.2400000000000015, 2.5002484967130156, 0.9212718888766622, 2.500014641271584, 1.1366888529286379
2.2600000000000016, 2.5006270108142723, 0.9959131063903347, 2.500577399852099, 1.1766288921028758
2.2800000000000016, 2.5009340914680394, 1.0722772123598563, 2.500008087558077, 1.226299570505105
2.3000000000000016, 2.5003785655239126, 1.1487906363699194, 2.5000539084788085, 1.2477496029674366
2.3200000000000016, 2.5004611738211033, 1.2192640007505222, 2.5000418792963037, 1.2668189563535646
2.3400000000000016, 2.5005154689504767, 1.2809550807598846, 2.500004995875455, 1.2836727173829097
2.3600000000000017, 2.500132195005302, 1.3367612124981378, 2.500017247659246, 1.2956274391360654
2.3800000000000017, 2.500200315781697, 1.3805032676505504, 2.5000046388627375, 1.3039709400033956
2.4000000000000017, 2.5001188170005877, 1.414305929732135, 2.500000026921181, 1.3093804847008277
2.4200000000000017, 2.5000050417351174, 1.441581030554593, 2.5000002455014423, 1.308054288844041
2.4400000000000017, 2.500022588366672, 1.4545610575858783, 2.500010682860585, 1.3031058951079655
2.4600000000000017, 2.5000007208280066, 1.460127401502897, 2.5000028335517155, 1.2942657137989184
2.4800000000000018, 2.500000252301137, 1.4577843145984537, 2.500045505432495, 1.2782494911539757
2.5000000000000018, 2.5000503878526352, 1.441952302262163, 2.5000195672457, 1.2704069973685093
2.520000000000002, 2.4979801131866526, 1.4191338799490105, 2.5000369772318476, 1.2817866168371523
2.540000000000002, 2.489104246804417, 1.3806933765589149, 2.500307988054225, 1.2792807040418106
2.560000000000002, 2.473732514758417, 1.329313170907597, 2.5006668304456747, 1.2126807239183979
2.580000000000002, 2.452699830446747, 1.2703458552192668, 2.500402225434228, 1.1447825150312156
2.600000000000002, 2.441607713244629, 1.2014379724213842, 2.5003527505807805, 1.0849545523669777
2.620000000000002, 2.4321075257368263, 1.1309381599291872, 2.5002199825485567, 1.0381257831447939
2.640000000000002, 2.4307446006793345, 1.052301084986679, 2.5000463677077223, 0.988313786147068
2.660000000000002, 2.433814227765084, 0.969231457900929, 2.500057536014033, 0.9355091256461445
2.680000000000002, 2.4401932929283316, 0.8828523927376816, 2.5001417251252693, 0.8812094244696509
2.700000000000002, 2.4509974331848987, 0.792048252481114, 2.5001806715299617, 0.8267079441991755
2.720000000000002, 2.465680780635219, 0.6973649050307925, 2.500172687071166, 0.7731483954734134
2.740000000000002, 2.4811210661238574, 0.6019246195421546, 2.500125265104234, 0.7217528472555653
2.760000000000002, 2.4937475417357065, 0.5092981439303053, 2.5000534320980075, 0.6737836897378414
2.780000000000002, 2.499778906209529, 0.4232667794564826, 2.500017148065966, 0.6306516524437202
2.800000000000002, 2.500382774805034, 0.3487855886818947, 2.500043572054694, 0.5939022562324086
2.820000000000002, 2.5001750832665817, 0.2904831309935363, 2.5000394834343753, 0.5643313428581495
2.840000000000002, 2.5000333642573898, 0.25168247742111904, 2.5000218795253946, 0.5427942956820768
2.860000000000002, 2.5000010760400757, 0.236315038907988, 2.5000059477490204, 0.5299206323743058
2.880000000000002, 2.5000570368643755, 0.247504742225382, 2.5000000671528277, 0.5260987246189054
2.900000000000002, 2.500255435762713, 0.28589779522599357, 2.5000000546848846, 0.5314769603660832
2.920000000000002, 2.499575536209368, 0.3531988563125603, 2.5000216567782996, 0.5472445773564191
2.940000000000002, 2.484186616644306, 0.44858777587762155, 2.500182329935769, 0.5727503296685571
2.960000000000002, 2.4442074799992506, 0.5685669125226775, 2.5001305939606637, 0.6049808555396426
2.980000000000002, 2.382271404787123, 0.7105029877348056, 2.5014947015941047, 0.6479023877911774
3.000000000000002, 2.302438274697884, 0.870336117824044, 2.5019603415190215, 0.6954346780507275
3.0200000000000022, 2.2081398814973325, 1.0446345110245954, 2.5007172372251727, 0.7446757125290427
3.0400000000000023, 2.0921800160509973, 1.24059437647093, 2.50180570332894, 0.7991543692816251
3.0600000000000023, 1.9597755830177515, 1.4529988095041757, 2.502448788085459, 0.8573651946556659
3.0800000000000023, 1.8143759013286818, 1.678398491193245, 2.500761187556775, 0.9179067053149095
3.1000000000000023, 1.8957618909168117, 1.640521023786952, 2.500190823561957, 0.9522363142366624
3.1200000000000023, 2.1072838859282914, 1.4528704495791862, 2.50007644180128, 0.9781242777863904
3.1400000000000023, 2.322816775114047, 1.261208981197144, 2.4857724615745678, 1.0611344251511121
3.1600000000000024, 2.439006232259868, 1.0980717993634572, 2.488630958084281, 1.1382759286414021
3.1800000000000024, 2.4923088489220286, 0.9647691827012962, 2.4996209433973857, 1.1949923398813285
3.2000000000000024, 2.4986742690316737, 0.8784037625916511, 2.5000437381472347, 1.2427607669479168
3.2200000000000024, 2.5000757678134025, 0.8204940386079529, 2.500066978183969, 1.2860418689488682
3.2400000000000024, 2.500004989696759, 0.7998313106451952, 2.500063714515186, 1.3249331931633783
3.2600000000000025, 2.500007390291377, 0.8047789068722484, 2.5000475027533904, 1.3592265883323198
3.2800000000000025, 2.500055017813354, 0.8297963624252364, 2.500027637112903, 1.3887784926896425
3.3000000000000025, 2.500122817855999, 0.868674571640256, 2.5000100201272626, 1.4134912527566734
3.3200000000000025, 2.500178292759583, 0.9175571536857856, 2.5000017369536542, 1.433121037192707
3.3400000000000025, 2.500199156112944, 0.972999285015975, 2.500029856700312, 1.4457912928229106
3.3600000000000025, 2.5001795103789597, 1.0319580498851075, 2.5000011850643395, 1.4562298366119695
3.3800000000000026, 2.5001269992143764, 1.0918093250587297, 2.5000020492767736, 1.4598169996297394
3.4000000000000026, 2.500741198131406, 1.14841677043464, 2.500005022808279, 1.4589930041249408
3.4200000000000026, 2.5000225147463064, 1.2056884640518484, 2.50000380845707, 1.4531700635209224
3.4400000000000026, 2.5005220451559387, 1.2537929670424903, 2.500044589509502, 1.4406285211599177
3.4600000000000026, 2.50011206198849, 1.3007216199516876, 2.500010699966896, 1.4250303949585197
3.4800000000000026, 2.500281421715984, 1.3380750154302434, 2.5000020616079883, 1.4288855966473428
3.5000000000000027, 2.500079678766102, 1.371458707580429, 2.5000015053613156, 1.4283752858099303
3.5200000000000027, 2.500106025135786, 1.3963049516311252, 2.5000003670625564, 1.425662725179871
3.5400000000000027, 2.500021223357054, 1.4147006818287708, 2.500065769836204, 1.409804763452431
3.5600000000000027, 2.5000178171136462, 1.4260924815484066, 2.500006187819177, 1.3921506891692246
3.5800000000000027, 2.5000013889617554, 1.4287317138918594, 2.5002405671094667, 1.3587046043307909
3.6000000000000028, 2.5000007206225066, 1.4260186833022908, 2.498246636276108, 1.3222036834253672
3.6200000000000028, 2.500063442900875, 1.4121082409786885, 2.4849268698670826, 1.2653388709277418
3.640000000000003, 2.500015736874605, 1.3946301958082394, 2.471847371092374, 1.205607378262185
3.660000000000003, 2.500241516365848, 1.3630643888877554, 2.461866675160901, 1.1355880741936542
3.680000000000003, 2.4998557101231325, 1.3298046154341692, 2.453377175677214, 1.0640775736773374
3.700000000000003, 2.4864714399418637, 1.2725464425572595, 2.4522668694616794, 0.9851878798928686
3.720000000000003, 2.4723540941548783, 1.2147481430355889, 2.455854443895571, 0.901600305458972
3.740000000000003, 2.4627370038879906, 1.1443652333024765, 2.463461083225442, 0.8139936661290972
3.760000000000003, 2.453082814082501, 1.0740194231079658, 2.473917025225096, 0.7235377241294391
3.780000000000003, 2.451340589870277, 0.9957616473201905, 2.48541324184447, 0.6320415075100603
3.800000000000003, 2.454353872366163, 0.9127483648243043, 2.4953935116991275, 0.542061237655399
3.820000000000003, 2.461492677984002, 0.8256095592064663, 2.500023429975355, 0.47481174840534424
3.840000000000003, 2.4716529702783783, 0.7354492669120908, 2.5000018489973908, 0.461912619048366
3.860000000000003, 2.4831069341759333, 0.6439953030145349, 2.500007172907882, 0.4631896301884848
3.880000000000003, 2.493388622659584, 0.553713614530885, 2.5000449734229457, 0.4790110823331486
3.900000000000003, 2.4992785018357697, 0.4678237353546997, 2.5001025653364213, 0.5092993949558238
3.920000000000003, 2.5005074497984827, 0.39065927890226515, 2.500148391902965, 0.5535265622229479
3.940000000000003, 2.5003298983836473, 0.3267581311636112, 2.500133020486364, 0.6107306875115176
3.960000000000003, 2.5001619519916187, 0.2796598285032603, 2.500009436360105, 0.6795838344987362
3.980000000000003, 2.5000423887396046, 0.2522386437676305, 2.499652746890122, 0.7585925135596435
4.000000000000003, 2.5000000000790825, 0.24693581070055282, 2.494783457026274, 0.843461803423494
4.020000000000002, 2.5000369150857225, 0.26579127262796565, 2.4950573109404917, 0.8877727664979008
4.040000000000002, 2.5001080477102122, 0.31052193505572623, 2.4789719919441393, 0.9444630206147561
4.060000000000001, 2.5000985868291017, 0.38263482513807334, 2.4272887826995126, 1.076146229859385
4.080000000000001, 2.482060897834817, 0.4804605906426054, 2.422450103469604, 1.1609849090892967
4.1000000000000005, 2.44232008960071, 0.600201398876711, 2.41846335241522, 1.2449716601436824
4.12, 2.385067004102894, 0.7374544843745247, 2.4106304505190055, 1.3328045620398994
4.14, 2.3134254381411328, 0.8890960503362833, 2.4198056649361286, 1.4036293476227772
4.159999999999999, 2.22986327295178, 1.0526582155256339, 2.43417107926527, 1.4692639332936381
4.179999999999999, 2.129987999980137, 1.2325334884972734, 2.4462836414677422, 1.5371513710911686
4.199999999999998, 2.0154788037431097, 1.4270426847342987, 2.466967094038773, 1.5798093083087779
4.219999999999998, 1.8893181189942643, 1.6332033694831425, 2.496428553262331, 1.5993965760996156
4.2399999999999975, 1.8334664712278712, 1.7690550172495338, 2.500776075805547, 1.6594091354832987
4.259999999999997, 1.9959633518494342, 1.6865581366279696, 2.500182231367451, 1.7274370019456817
4.279999999999997, 2.1664842366631163, 1.596037251814286, 2.5012017956656134, 1.8053769312539885
4.299999999999996, 2.342663065347728, 1.4998584231296712, 2.5002110489690756, 1.8840916254580518
4.319999999999996, 2.3910353354800136, 1.5314861529973842, 2.501001592924831, 1.9518572247593755
4.339999999999995, 2.428630468149481, 1.573891020327917, 2.5000092020690317, 2.021405758872255
4.359999999999995, 2.4391135269103583, 1.6434079615670378, 2.5003970831491222, 2.063895956212876
4.379999999999995, 2.4459585621445292, 1.716562926332865, 2.5001416151925584, 2.106904361300807
4.399999999999994, 2.4486516288808735, 1.7938698595965201, 2.500163158710043, 2.1369818719348155
4.419999999999994, 2.453266594668447, 1.869254893808944, 2.5001522161369376, 2.1636146888722534
4.439999999999993, 2.461279879387263, 1.9412416090901263, 2.500026357241928, 2.189046665653119
4.459999999999993, 2.4703733115690176, 2.0117686932957377, 2.5000014425602983, 2.2114074636828343
4.479999999999992, 2.4857101283240652, 2.0750950861422996, 2.500025195339587, 2.2312317367810097
4.499999999999992, 2.499584540608861, 2.1398838834591127, 2.5000255567187857, 2.249668264801989
4.519999999999992, 2.500352483743849, 2.177966965782055, 2.500009614135373, 2.266881792848186
4.539999999999991, 2.500244057473231, 2.2156235940750637, 2.500013758480737, 2.282465697143002
4.559999999999991, 2.5000550636470997, 2.249115243850218, 2.5000181228330534, 2.296832534965383
4.57999999999999, 2.5000197327097258, 2.277134499060235, 2.5000064002873934, 2.310447760307359
4.59999999999999, 2.5000200497275116, 2.3012761513089273, 2.500011278552104, 2.322862364982477
4.6199999999999894, 2.5000314867513436, 2.3222406825887787, 2.5000123297264176, 2.3345381560247587
4.639999999999989, 2.500020143784038, 2.3412026587337955, 2.5000003232423462, 2.3457576891012253
4.659999999999989, 2.500001141678469, 2.3583495960555636, 2.5000106791605656, 2.3560145974739717
4.679999999999988, 2.50001637111259, 2.3729365642493985, 2.5000069597546264, 2.3660237273894533
4.699999999999988, 2.500012455385563, 2.3864529885919614, 2.5000059134443466, 2.375586268945825
4.719999999999987, 2.5000004929260675, 2.3989450869965068, 2.5000090352820568, 2.3848206926431352
4.739999999999987, 2.5000101249320625, 2.40976768717183, 2.5000002066247857, 2.393927182166351
4.7599999999999865, 2.5000069364490396, 2.419999709076887, 2.5000086794243765, 2.402801204579731
4.779999999999986, 2.5000028949072712, 2.42948118206258, 2.5000052652337463, 2.411696072026292
4.799999999999986, 2.500007030296284, 2.4380557306898574, 2.5000066515786825, 2.420606821840222
4.819999999999985, 2.5000030297751157, 2.446284622234146, 2.5000086428286683, 2.4296819805903174
4.839999999999985, 2.5000042418543953, 2.453894768172685, 2.500002747949348, 2.4388818198866575
4.859999999999984, 2.500004747553254, 2.461127627657276, 2.500074235326387, 2.4739130444638806
4.879999999999984, 2.5000003979133405, 2.4681300730156606, 2.4978288425274107, 2.500002554209071
4.8999999999999835, 2.5000043951069943, 2.474701286289625, 2.49170515158539, 2.500002595089403
4.919999999999983, 2.5000024747583627, 2.4811792801822774, 2.491296054792166, 2.5000008103320908
4.939999999999983, 2.5000028703386343, 2.4874605190223456, 2.493886919463513, 2.5000003747903623
4.959999999999982, 2.4999642176215735, 2.4936188901495253, 2.489516332954841, 2.5000042718306488
4.979999999999982, 2.499898370594893, 2.4997094924600147, 2.482328824232203, 2.5000049510431785
4.999999999999981, 2.494059195294521, 2.5000039134644076, 2.4679370851500515, 2.500019276851802
5.019999999999981, 2.487915421843311, 2.5000022239244504, 2.455359272337041, 2.5000074548339346
5.0399999999999805, 2.48171044424213, 2.500003044744603, 2.4450364821671458, 2.500000809445688
5.05999999999998, 2.4753711470999673, 2.500004028040735, 2.4368027969409454, 2.5000066867263646
5.07999999999998, 2.46894177813795, 2.500000924009717, 2.4283240821862413, 2.5000054471315845
5.099999999999979, 2.4621543916755853, 2.5000049169613083, 2.4191572748238643, 2.500005139092101
5.119999999999979, 2.4552049272836585, 2.500002789408319, 2.4090645633368473, 2.50001072422595
5.139999999999978, 2.4478199398650546, 2.500004381767558, 2.398415193949752, 2.5000035653279356
5.159999999999978, 2.439992702794961, 2.5000062756040586, 2.386245238878452, 2.5000118105851525
5.1799999999999775, 2.4318450101901092, 2.5000011054437294, 2.3729212321499698, 2.500017341765107
5.199999999999977, 2.4227403410033115, 2.5000083550716137, 2.3586129543993524, 2.5000004504070663
5.219999999999977, 2.4131682298087593, 2.50000681253867, 2.34155094551487, 2.5000228266122284
5.239999999999976, 2.402689005330862, 2.5000064027981144, 2.3227246667569537, 2.500032840996189
5.259999999999976, 2.372936483069031, 2.4810921606812038, 2.3005517023654702, 2.498445934437286
5.279999999999975, 2.3344540913008527, 2.4534487302508468, 2.2495260395219185, 2.469691719657689
5.299999999999975, 2.288524687875034, 2.419378133676667, 2.1970908385395505, 2.442208514282687
5.3199999999999745, 2.242168638399679, 2.385734183152025, 2.142699503496949, 2.416599849325286
5.339999999999974, 2.1955989211845983, 2.352303900367107, 2.084137121449005, 2.395162231373227
5.359999999999974, 2.1477647892503677, 2.3201380323013385, 2.026688118316522, 2.372611234505708
5.379999999999973, 2.0994977723264205, 2.2884050492252865, 1.9635606324311976, 2.355738720391029
5.399999999999973, 2.0505611745318477, 2.257341647019861, 1.8954701817801447, 2.343829171042079
5.419999999999972, 1.9999259686740385, 2.227976852877673, 1.829158843960552, 2.3301405088616702
5.439999999999972, 1.9478078435110873, 2.200094978040625, 1.7441062582784765, 2.335193094543742
5.4599999999999715, 1.8929341307694616, 2.1749686907822525, 1.6605130714470733, 2.3387862813751426
5.479999999999971, 1.8390715398294637, 2.1488312817222517, 1.5601259788904809, 2.359173373931733
5.499999999999971, 1.7825061211133333, 2.125396700438383, 1.4472724151778413, 2.39202693764437
5.51999999999997, 1.7201256822172306, 2.1077771393344875, 1.3378833653464213, 2.4214159874757866
5.53999999999997, 1.659351704781055, 2.0885511167706645, 1.230662718335497, 2.448636634486708
5.559999999999969, 1.5918457557526517, 2.07605706579907, 1.1320174925126236, 2.467281860309579
5.579999999999969, 1.517330417804613, 2.0705724037471103, 1.0433641200281, 2.4759352327941
5.599999999999969, 1.4454477322642707, 2.0624550892874542, 0.9544661372602451, 2.4848332155619532
5.619999999999968, 1.3544939624905474, 2.073408859061178, 0.8665367922267398, 2.4927625605954566
5.639999999999968, 1.2611908517192898, 2.0867119698324372, 0.7809590350932246, 2.4983403177289683
5.659999999999967, 1.1609158045106118, 2.106987017041118, 0.6995713138522472, 2.500268764826915
5.679999999999967, 1.0349458970875864, 2.1529569244641453, 0.6499167670710659, 2.5007421858195413
5.699999999999966, 0.9162290013817558, 2.191673820169977, 0.5801906910170017, 2.5013691225267127
5.719999999999966, 0.7671196936948474, 2.2607831278568877, 0.519890665914488, 2.500349256340611
5.739999999999966, 0.6051388480906399, 2.342763973461098, 0.47272161980929606, 2.5001036858425483
5.759999999999965, 0.44047419911656815, 2.42742862243517, 0.4376087012574177, 2.500056182534811
5.779999999999965, 0.2974315645867609, 2.4904712569649763, 0.4155742617741518, 2.5000101960502805
5.799999999999964, 0.22374785101507433, 2.5000032757834543, 0.40584899831949106, 2.500001197162434
5.819999999999964, 0.2821950852309898, 2.474608363090839, 0.4086745205411697, 2.5000050023772538
5.839999999999963, 0.545305823223086, 2.2914976250987427, 0.4233981840356327, 2.500024912350043
5.859999999999963, 1.1272031749507812, 1.7896002733710477, 0.44825894677120726, 2.5000284573075953
5.879999999999963, 1.2946549430566185, 1.6558611262788165, 0.4828614513714433, 2.5000447662431586
5.899999999999962, 0.9099037504622397, 2.013926248898218, 0.5259483618261461, 2.500132787302827
5.919999999999962, 0.5960983606067616, 2.247731638753698, 0.5753364031638186, 2.500147325714309
5.939999999999961, 0.35225013601535426, 2.4115798633451067, 0.6178627248044994, 2.5006419785938103
5.959999999999961, 0.19882567209310564, 2.485004327267357, 0.6753907054363665, 2.5001340816860944
5.9799999999999605, 0.11323625296185091, 2.50027820337809, 0.7345924182009473, 2.5001013513424843
5.99999999999996, 0.0852855128488561, 2.5000068799699937, 0.7942685617161046, 2.5001909815730086
6.01999999999996, 0.10698082739641301, 2.5001222928899542, 0.8524611262788943, 2.5006095221934856
6.039999999999959, 0.1650778464485405, 2.5004863092060923, 0.9102221232148608, 2.5003570746080968
6.059999999999959, 0.24955142280174814, 2.494108951346134, 0.9637518518872433, 2.500623884781002
6.079999999999958, 0.35100553774385923, 2.472654836404023, 1.0165628822201944, 2.5000750569638717
6.099999999999958, 0.4609881475331076, 2.4426722266147745, 1.0624953517260032, 2.5004399986230923
6.1199999999999575, 0.5725778195207412, 2.41108255462714, 1.106452379054521, 2.500210570393024
6.139999999999957, 0.6801272762975438, 2.3835330978503384, 1.1455288437156277, 2.500213257794362
6.159999999999957, 0.7819186375910844, 2.3617417365567963, 1.179897088902373, 2.5001914558179026
6.179999999999956, 0.8767386748934439, 2.3469216992544366, 1.2117304741469082, 2.500037301466334
6.199999999999956, 0.9618793174703167, 2.341781056677564, 1.2366594865222698, 2.5001217524670905
6.219999999999955, 1.0422918668201482, 2.341368507327731, 1.259974614179002, 2.500022131250285
6.239999999999955, 1.1148385338494613, 2.348821840298417, 1.2773794070668312, 2.5000568020200893
6.2599999999999545, 1.1829945433713074, 2.360665830776568, 1.292239887682202, 2.5000169505770486
6.279999999999954, 1.2417620845561863, 2.381898289591687, 1.3030601686339922, 2.500017339175896
6.299999999999954, 1.2987261764787217, 2.4049341976691507, 1.310196079482422, 2.5000039484368504
6.319999999999953, 1.3454283040190789, 2.438232070128792, 1.3147729000742663, 2.5000020181330873
6.339999999999953, 1.3903732645586728, 2.4706302373395594, 1.3148261982821114, 2.500000379965667
6.359999999999952, 1.4107878020350537, 2.487248175815556, 1.313491898976599, 2.500000065981862
6.379999999999952, 1.4257503289467603, 2.500001809161118, 1.3082525585193845, 2.5000000874117103
6.3999999999999515, 1.4212366565650125, 2.500003800230242, 1.2997959174715026, 2.5000015033993863
6.419999999999951, 1.4112771845497327, 2.500049567172619, 1.2884395290431188, 2.5000046677119565
6.439999999999951, 1.3923191479226915, 2.5000602238473633, 1.2742777989130811, 2.5000093466319058
6.45999999999995, 1.3665480302156583, 2.500183190814895, 1.2573718582321107, 2.5000154897377223
6.47999999999995, 1.334347437885345, 2.50015058378348, 1.2377827939880952, 2.5000229585286764
6.499999999999949, 1.2945085381081196, 2.5004054927476878, 1.2155797764685863, 2.5000315269624895
6.519999999999949, 1.250555606620908, 2.500232689814249, 1.1908448224621542, 2.500040853531264
6.5399999999999485, 1.1990207522631173, 2.5006865045624274, 1.1636785373827423, 2.500050411774391
6.559999999999948, 1.1456252814826886, 2.5002671856048515, 1.1342076616238865, 2.500059368221783
6.579999999999948, 1.0878180769661987, 2.5001262621140232, 1.1025948505482837, 2.5000664124485703
6.599999999999947, 1.027322522247558, 2.5001129093664747, 1.0690443202847848, 2.500069565465804
6.619999999999947, 0.9662300204883316, 2.5000913300999645, 1.033809685577023, 2.5000658930755373
6.639999999999946, 0.9063369820011237, 2.5000647811197316, 0.997200309444416, 2.5000513298582883
6.659999999999946, 0.8496418089799921, 2.500037670838229, 0.9580985517382336, 2.500283053340006
6.6799999999999455, 0.7982815039636338, 2.5000145216451157, 0.922820279415134, 2.5005014324633543
6.699999999999945, 0.7544673505270599, 2.5000007555924864, 0.8880385173122308, 2.500052170108176
6.719999999999945, 0.720531185845051, 2.500003446330262, 0.8501327795526414, 2.500330061053658
6.739999999999944, 0.6984279211129107, 2.5000010757839446, 0.8135506107223244, 2.5002069533381492
6.759999999999944, 0.6900483845638072, 2.5000006255561438, 0.7785811584960608, 2.5002436653327615
6.779999999999943, 0.6970797926333773, 2.5000124069282528, 0.7466003105970349, 2.500234822975173
6.799999999999943, 0.7209943557610532, 2.5000510602315873, 0.7169279739987406, 2.500149168215837
6.8199999999999426, 0.7630725087019856, 2.5001353665475414, 0.6928290497403258, 2.5001529805663343
6.839999999999942, 0.8244736519565484, 2.5002847133450135, 0.6712417653300433, 2.5000767674780695
6.859999999999942, 0.9052063115094194, 2.4973260592717583, 0.6555199011718863, 2.500014284684619
6.879999999999941, 1.0028371892176335, 2.479695181563544, 0.6463757264163714, 2.5000046781119467
6.899999999999941, 1.114214570488158, 2.448317800293017, 0.6437244810954507, 2.5000000268995826
6.91999999999994, 1.2286229518322287, 2.386703408453587, 0.6479244964875687, 2.5000052294232575
6.93999999999994, 1.3436180437327114, 2.2997855914422156, 0.6591726874944586, 2.500026200088939
6.95999999999994, 1.4362488189107399, 2.1557655843833388, 0.6766306532723159, 2.5000108123065212
6.979999999999939, 1.5137212407390963, 1.9982931625549838, 0.7021682467533136, 2.500027146425294
6.999999999999939, 1.5960765917912274, 1.8359378115028562, 0.7344241467753554, 2.5000169511148727
7.019999999999938, 1.671719414986691, 1.6802949883073943, 0.7735304415575252, 2.5000400750286667
7.039999999999938, 1.4073000319375144, 1.864714371356573, 0.8186897720323232, 2.5000708051801652
7.059999999999937, 1.1463500904050412, 2.0456643128890484, 0.8697450917394517, 2.500347065957748
7.079999999999937, 0.9177275172642988, 2.194286886029793, 0.9249956653619241, 2.5003704187538376
7.099999999999937, 0.714668753507446, 2.317345649786648, 0.9843043231629525, 2.500227183734113
7.119999999999936, 0.5398538249339075, 2.412160578360189, 1.04705679400664, 2.500121173443477
7.139999999999936, 0.39840753916100513, 2.4736068641330924, 1.025897646758125, 2.5000325834145083
7.159999999999935, 0.2945825811892193, 2.497431822104881, 1.1181958888455716, 2.4724413402841634
7.179999999999935, 0.22557763600074776, 2.500083109650352, 1.2105871585706143, 2.4600500705591246
7.1999999999999345, 0.20193040424994035, 2.5000003855234416, 1.2871116296742788, 2.463525599455462
7.219999999999934, 0.21250080216908218, 2.5000016225890636, 1.3582892882267752, 2.472347940902968
7.239999999999934, 0.258048770035191, 2.500154691787859, 1.4273561411886169, 2.481764069508255
7.259999999999933, 0.32973309605929213, 2.4992274941739026, 1.4948429551414424, 2.490988283615237
7.279999999999933, 0.4239182432282689, 2.485042347004925, 1.5646312272978329, 2.497911039518654
7.299999999999932, 0.5295646888747396, 2.4593959013584525, 1.626946429710803, 2.5010216063264035
7.319999999999932, 0.6432521556170001, 2.4257084346161912, 1.6844787600819249, 2.501557867325559
7.3399999999999315, 0.7567317403909872, 2.392228849842204, 1.7434629814785692, 2.5006422372991914
7.359999999999931, 0.8685430220949876, 2.360417568138203, 1.7981332821521896, 2.500309291733636
7.379999999999931, 0.977517684091795, 2.3314429061413966, 1.8501314307477676, 2.5000992646738247
7.39999999999993, 1.0801112358470006, 2.308849354386189, 1.8984647003962898, 2.5001898255792727
7.41999999999993, 1.1746950328507948, 2.294265557382391, 1.9442613163365532, 2.5002119639164393
7.439999999999929, 1.2652921304054765, 2.283668459827706, 1.9883312118603387, 2.5000495044224245
7.459999999999929, 1.3515488958959803, 2.2774116943372, 2.0285982571287433, 2.5001400953814046
7.4799999999999285, 1.4239414417293847, 2.2850191485037934, 2.0666499996292833, 2.500134072065628
7.499999999999928, 1.49863856075546, 2.290322029477716, 2.103047738590052, 2.5000081103510943
7.519999999999928, 1.5761514091899769, 2.2928091810431974, 2.135386040554205, 2.5001047589438796
7.539999999999927, 1.638308023350612, 2.3106525668825624, 2.1647948680046585, 2.5000543592453712
7.559999999999927, 1.702106546546529, 2.326854043686644, 2.190393152447006, 2.5000136423924375
7.579999999999926, 1.767746684384383, 2.341213905848788, 2.2032544686938698, 2.50001570035204
7.599999999999926, 1.826036095016944, 2.362924495216227, 2.2143618829317737, 2.500005470184392
7.6199999999999255, 1.8830767069746206, 2.38588388325855, 2.2237568301277624, 2.500007610503354
7.639999999999925, 1.9380923972240318, 2.410868193009138, 2.2319639906150157, 2.500005882092417
7.659999999999925, 1.9909304207500387, 2.438030169483131, 2.2393609999071176, 2.5000011994417717
7.679999999999924, 2.042375660699753, 2.4650255071172835, 2.245115446355323, 2.5000036752671266
7.699999999999924, 2.0893259503129578, 2.4908006539656506, 2.2503447602518936, 2.500000900683095
7.719999999999923, 2.120114317078273, 2.500048760258813, 2.254329974178264, 2.5000014532308605
7.739999999999923, 2.1413699455816113, 2.50000375119338, 2.2574708227295472, 2.500000624305507
7.7599999999999225, 2.1589180764256852, 2.5000319271261002, 2.2599313257772353, 2.5000001925530873
7.779999999999922, 2.1751430017544346, 2.5000183516421584, 2.2610936275030613, 2.5000001102472544
7.799999999999922, 2.189542288291523, 2.5000105593936106, 2.2617647780033, 2.5000000128725666
7.819999999999921, 2.201798167942881, 2.5000158533670227, 2.2612555221851607, 2.500000023267123
7.839999999999921, 2.213194735646556, 2.5000031246653003, 2.25989255658637, 2.5000004206760873
7.85999999999992, 2.2225859837005957, 2.5000089641262115, 2.257833874870608, 2.500000096307963
7.87999999999992, 2.2310446927677514, 2.5000051850156666, 2.2542525715618833, 2.500001483391408
7.8999999999999195, 2.2384394251533117, 2.500002779271561, 2.249980217573053, 2.500001976740393
7.919999999999919, 2.244417198514575, 2.500003694395514, 2.2444007870605205, 2.5000019976907746
7.939999999999919, 2.2498491586388676, 2.500000462943106, 2.240542074054434, 2.5000009115914734
7.959999999999918, 2.2538337162119655, 2.500001671844144, 2.235104838222664, 2.5000098354483016
7.979999999999918, 2.257164746789772, 2.5000005377589463, 2.2207730982938347, 2.500016175714771
7.999999999999917, 2.2596250003118086, 2.5000003555321784, 2.2072255441232778, 2.500015554942355
8.019999999999918, 2.2609717598018237, 2.500000109437355, 2.1937755039264553, 2.500007300963604
8.039999999999917, 2.2618281622619456, 2.5000000055759406, 2.177227858955964, 2.50001763783469
8.059999999999917, 2.2613188957667845, 2.5000000266475197, 2.1578811812106524, 2.5000370361116744
8.079999999999917, 2.260148863279203, 2.5000003628258183, 2.1358604421048106, 2.5000327524798642
8.099999999999916, 2.2580900068783594, 2.5000002131427763, 2.1100044959081488, 2.5000177489491633
8.119999999999916, 2.2547164566641795, 2.5000015066626373, 2.0751028864832546, 2.5003505898242957
8.139999999999915, 2.250675317785789, 2.5000012490473242, 2.039369895085326, 2.500314761640118
8.159999999999915, 2.2450945978256516, 2.5000025594453095, 1.9984235316280872, 2.5000070547923094
8.179999999999914, 2.23829395844152, 2.5000056220549145, 1.943251659246672, 2.499301809254448
8.199999999999914, 2.230573846295595, 2.500000388080256, 1.88921777407697, 2.497458576504874
8.219999999999914, 2.2204206126389643, 2.500009039089792, 1.8108041328702613, 2.499531397863339
8.239999999999913, 2.2088607718578808, 2.500014117902009, 1.7334236709149389, 2.5000306130724868
8.259999999999913, 2.195822753280831, 2.5000003659220713, 1.7005970353687636, 2.5002538317467295
8.279999999999912, 2.179294135852535, 2.5000214632252318, 1.668222135804466, 2.5000253144390956
8.299999999999912, 2.160480850708254, 2.500035043124692, 1.6412436269031194, 2.5001458081167276
8.319999999999911, 2.1391135730528923, 2.5000180876641442, 1.6148613920426003, 2.5000005088466604
8.339999999999911, 2.113228245824611, 2.5000324651650634, 1.5950386026678154, 2.5000681665035196
8.35999999999991, 2.0679843286478325, 2.4862553224551505, 1.576817184734155, 2.5000115097330657
8.37999999999991, 2.017150550350717, 2.4672279214616575, 1.5638601388721056, 2.5000186428477553
8.39999999999991, 1.9652692708164925, 2.4480167594121984, 1.5546470985732532, 2.5000052515429183
8.41999999999991, 1.9006862630738612, 2.4325997671548314, 1.5487175996499696, 2.5000000599165926
8.439999999999909, 1.837692453530692, 2.4155935766980026, 1.5474712429477593, 2.500000079780407
8.459999999999908, 1.7660241127641618, 2.407261917464536, 1.5516557527689807, 2.5000099023776716
8.479999999999908, 1.6905848137246928, 2.4027012165040067, 1.5571828552724112, 2.5000096708110693
8.499999999999908, 1.611162303744361, 2.4021237264843376, 1.56426101748547, 2.5000185198172407
8.519999999999907, 1.5195196189702131, 2.413766411258487, 1.5765148691267674, 2.5000569883303827
8.539999999999907, 1.4284892676862613, 2.4247967625424396, 1.588836875129587, 2.5000273024820028
8.559999999999906, 1.3226319612714446, 2.450654068957258, 1.6034080950315508, 2.500075321741374
8.579999999999906, 1.2212138354443265, 2.4720721947843742, 1.6193037380603112, 2.5001008714936312
8.599999999999905, 1.1226938493508336, 2.490592180877869, 1.6353117724834085, 2.5000140298515534
8.619999999999905, 1.0565932911409956, 2.500028665833075, 1.6510839614808563, 2.500100843241536
8.639999999999905, 1.0420613682523854, 2.5000236938790064, 1.6669286572450104, 2.500108661854911
8.659999999999904, 1.1665724644011588, 2.4292338681858316, 1.682882433405002, 2.5000074000724486
8.679999999999904, 1.4110585234259623, 2.264747809161025, 1.6962947000414967, 2.5000214773356975
8.699999999999903, 1.842018139097261, 1.9137881934897256, 1.7083787565345734, 2.500010632741909
8.719999999999903, 1.8305367642707253, 2.0052695683162596, 1.718631314288508, 2.500005858141525
8.739999999999903, 1.7688845980658983, 2.146921734521085, 1.725623786806962, 2.5000054051533076
8.759999999999902, 1.7225880619316007, 2.2732182706553816, 1.730955127199436, 2.5000000996667406
8.779999999999902, 1.7172453075180876, 2.3585610250688918, 1.732276635961006, 2.5000002032694253
8.799999999999901, 1.7095339157566822, 2.4462724168302947, 1.7305539684071256, 2.5000024707592807
8.8199999999999, 1.7106445170387645, 2.478513388248699, 1.7261509082059456, 2.500000892308143
8.8399999999999, 1.7156736667845431, 2.4891238376823193, 1.7326110664680743, 2.5000110326457348
8.8599999999999, 1.7206876431585276, 2.499749460487734, 1.7370045124216213, 2.5000299358884206
8.8799999999999, 1.735593817763456, 2.5000940935104192, 1.7081223928156777, 2.5001223788593605
8.899999999999899, 1.7508343266731927, 2.500095010654367, 1.6767241918573843, 2.500123916212373
8.919999999999899, 1.7661550882412707, 2.5000003760575105, 1.6408628458098875, 2.500080028280295
8.939999999999898, 1.7791741869250892, 2.5000194762696077, 1.6067500354989062, 2.500177115683856
8.959999999999898, 1.7900512641077224, 2.5000069976228145, 1.572543722769463, 2.500063890470806
8.979999999999897, 1.7982121215481237, 2.500003150886991, 1.5310066826065194, 2.5002499258158952
8.999999999999897, 1.8012901859432875, 2.5000006051366874, 1.4865041834699255, 2.5003003296280344
9.019999999999897, 1.8020773214906127, 2.5000012770192197, 1.4379012677293772, 2.50020567979694
9.039999999999896, 1.797398154870788, 2.5000025683245384, 1.3842659500289471, 2.50052268116565
9.059999999999896, 1.7889094247250172, 2.5000181622649276, 1.3294959546905571, 2.500096664673216
9.079999999999895, 1.7768766657517743, 2.5000084986729796, 1.269705859725534, 2.500598712436026
9.099999999999895, 1.7583003747153074, 2.50006155880371, 1.2102079104778738, 2.5001769981637487
9.119999999999894, 1.737547360370752, 2.500024870033143, 1.1492484274901649, 2.500165650607218
9.139999999999894, 1.7086586924243188, 2.5001238613445724, 1.088846124168661, 2.5000965740815597
9.159999999999894, 1.6764926116393575, 2.50015595223629, 1.0301737854089037, 2.500021775129866
9.179999999999893, 1.6380687822857076, 2.5001716838921464, 0.9747784998563794, 2.5001039901074984
9.199999999999893, 1.59315949716718, 2.5003721488779527, 0.923823592231025, 2.5001272234941068
9.219999999999892, 1.5445231311730434, 2.500127187325878, 0.8782072883901381, 2.5001061177127744
9.239999999999892, 1.4848631755778947, 2.4992062873922256, 0.8390055256886352, 2.5000597544906684
9.259999999999891, 1.4231208364526602, 2.496582574674985, 0.8068720639401009, 2.500010072027075
9.279999999999891, 1.3485726673558456, 2.491130743771801, 0.7830054064532076, 2.5000102087792744
9.29999999999989, 1.272987315215063, 2.4867160959125876, 0.7671784167285534, 2.500007058751003
9.31999999999989, 1.1933286857686767, 2.4863747253589756, 0.758987367284823, 2.500001312909287
9.33999999999989, 1.110908377366765, 2.4887950337608915, 0.7600708375256141, 2.500002405573465
9.35999999999989, 1.0279940454040895, 2.4917093657235685, 0.7653374792218804, 2.5000150726520824
9.379999999999889, 0.9438539728225397, 2.495849438305117, 0.7784438708859011, 2.5000213723151528
9.399999999999888, 0.8602647661466515, 2.499438644981005, 0.7979593760985007, 2.5002682880710445
9.419999999999888, 0.7804161495878682, 2.500250703264673, 0.8204489316647365, 2.5003552707659544
9.439999999999888, 0.7083582862797299, 2.5002773191782244, 0.8432869565708593, 2.500093784120978
9.459999999999887, 0.6473292273506784, 2.5002188167981303, 0.8690486376047216, 2.5004065099194643
9.479999999999887, 0.6002523987584144, 2.5001212063712646, 0.8959095108600584, 2.5004887133873375
9.499999999999886, 0.5698926076868411, 2.5000372437676153, 0.9232461406227999, 2.5000951603478057
9.519999999999886, 0.5588205497658535, 2.5000016396766203, 0.9169288308816163, 2.5000598756001002
9.539999999999885, 0.5697563721117274, 2.5000059697656267, 0.9050494738126571, 2.5000450392644407
9.559999999999885, 0.607398015263815, 2.5001344779200543, 0.9742501610982517, 2.461879424355291
9.579999999999885, 0.6716384803906498, 2.500033058630952, 1.0062309681663488, 2.4934334569434933
9.599999999999884, 0.7619585862407408, 2.4897129527808546, 1.0260606422996816, 2.5000094689836767
9.619999999999884, 0.8786122842207883, 2.4530592548008037, 1.0409425739961062, 2.500001852790726
9.639999999999883, 1.0103603029423207, 2.4013112360792697, 1.0537322338037787, 2.500002757003527
9.659999999999883, 1.16883758836763, 2.3228339506539566, 1.0650231749056598, 2.5000045800397896
9.679999999999882, 1.3434040495304045, 2.2096699605668935, 1.0755546316749784, 2.500005536275301
9.699999999999882, 1.5314745363519813, 2.0649874404129296, 1.0858628275387125, 2.5000065193995455
9.719999999999882, 1.7257956866046793, 1.9140542568278442, 1.0967224845915986, 2.5000078008630613
9.739999999999881, 1.7178362626551404, 1.9074621805478835, 1.108948988342219, 2.50000997187191
9.75999999999988, 1.485655578541983, 2.059642864661043, 1.1231698659501483, 2.500012268806504
9.77999999999988, 1.2664795313722101, 2.198818911830817, 1.1401533258221304, 2.500015774170066
9.79999999999988, 1.0714610743920483, 2.3138373688109786, 1.1618820624766255, 2.50013089919041
9.81999999999988, 0.9059979635720277, 2.399300479631001, 1.185137598308876, 2.500043726114731
9.839999999999879, 0.7643943595176682, 2.4609040836853584, 1.2150494226623945, 2.5002520267879462
9.859999999999879, 0.6520729637250399, 2.493225479477991, 1.2467501808820969, 2.5000614782093153
9.879999999999878, 0.5696239499548039, 2.5002309168783787, 1.285941621700481, 2.5004211694431064
9.899999999999878, 0.5189484867274167, 2.5000851284638017, 1.3269630655939952, 2.5000923684182275
9.919999999999877, 0.498603082157161, 2.50000345607452, 1.3748467445378245, 2.500605007111079
9.939999999999877, 0.5056101210215468, 2.5000267912866025, 1.4246921192632351, 2.500143398135021
9.959999999999877, 0.537032419264655, 2.50011910493232, 1.4797629603037552, 2.500757635760824
9.979999999999876, 0.5897581498260417, 2.5002177684754066, 1.5368943288866888, 2.500209347323258
9.999999999999876, 0.6604014276383585, 2.500265755984568, 1.5969781904123799, 2.500835463038669
10.019999999999875, 0.7439251763333051, 2.495814197056761, 1.6589725505952544, 2.500263779319249
10.039999999999875, 0.8350248192748089, 2.484714554115256, 1.721502455641851, 2.500838459603633
10.059999999999874, 0.9298162910459488, 2.469923082344116, 1.7854793476125899, 2.500308291826663
10.079999999999874, 1.024941712885964, 2.454797660504105, 1.8479514015905951, 2.500772368711211
10.099999999999874, 1.1160003150729392, 2.443739058317128, 1.9111932778649443, 2.5003396920693852
10.119999999999873, 1.2097521822247206, 2.4299871911653477, 1.97123829274396, 2.5006456285833667
10.139999999999873, 1.294724666151665, 2.4250147072384034, 2.0311133014565863, 2.5003380073854924
10.159999999999872, 1.381059254946402, 2.4186801184436684, 2.0738545365550993, 2.5002539057214714
10.179999999999872, 1.4586077174963443, 2.4211316558937246, 2.10963630081238, 2.500223370625475
10.199999999999871, 1.5369029518305468, 2.4228364215595217, 2.1365687183280224, 2.5000258407703786
10.219999999999871, 1.6073726363673067, 2.4323667370227597, 2.1511892266824773, 2.500033391174824
10.23999999999987, 1.6784213773984513, 2.4413179959916107, 2.164823241074379, 2.5000150237282823
10.25999999999987, 1.7428173167071668, 2.4569220566828944, 2.1767146166718025, 2.5000222279842848
10.27999999999987, 1.8072635653234947, 2.471242344382785, 2.1879718543629716, 2.5000093847198404
10.29999999999987, 1.8631628560603661, 2.487155658426803, 2.1979027181549755, 2.5000151500061145
10.319999999999869, 1.9175309000828553, 2.500060036659888, 2.2074560469427524, 2.5000068643668243
10.339999999999868, 1.9535000015697825, 2.500253579462896, 2.216179375646569, 2.500011051260184
10.359999999999868, 1.9892045805271907, 2.5000273820899537, 2.2247775931958875, 2.5000064621443157
10.379999999999868, 2.0178084619827197, 2.500159417987478, 2.2331209124878515, 2.5000091157995867
10.399999999999867, 2.0464680670109012, 2.5000073482403793, 2.2417284993335547, 2.500008219258819
10.419999999999867, 2.0692215194727575, 2.5000997996138197, 2.250691553709342, 2.5000086787055418
10.439999999999866, 2.0921624851182283, 2.5000047378036445, 2.2606731551319283, 2.5000135155479306
10.459999999999866, 2.110440236069356, 2.500062189802548, 2.2715226617219093, 2.500008391081896
10.479999999999865, 2.128712836496678, 2.5000103414852597, 2.2848443665900606, 2.500025232386205
10.499999999999865, 2.143633353829925, 2.5000387772884, 2.2991737984800342, 2.5000026525439574
10.519999999999865, 2.158289860764958, 2.500010329112266, 2.318497204568926, 2.5000447877538265
10.539999999999864, 2.1705706383947017, 2.5000245800294496, 2.3378150999390557, 2.5000204239945254
10.559999999999864, 2.182485550869394, 2.5000082474081835, 2.3561171061566077, 2.5000373588421376
10.579999999999863, 2.192772563388064, 2.5000163681641263, 2.3569826586955274, 2.5000377181394398
10.599999999999863, 2.2027196862987033, 2.500005874331765, 2.3355914276096, 2.5000182708989565
10.619999999999862, 2.211673491649259, 2.5000121002778974, 2.314779622654373, 2.500043045507507
10.639999999999862, 2.220409264500769, 2.5000038430235643, 2.294755152958414, 2.5000181670295647
10.659999999999862, 2.228811470801875, 2.5000106613319746, 2.2765696194887726, 2.5000248947131647
10.679999999999861, 2.2371660908594313, 2.5000020142216535, 2.2610744121801916, 2.500022951710075
10.69999999999986, 2.2460618020402565, 2.500011781455112, 2.2471655824020687, 2.500006965550047
10.71999999999986, 2.255088218622832, 2.50000096542064, 2.2389301748111996, 2.5000088368550215
10.73999999999986, 2.2659176772771286, 2.500015888890289, 2.2315770763142506, 2.5000021353596793
10.75999999999986, 2.2774742319951935, 2.500010675789759, 2.2319297460601506, 2.5000004440985553
10.779999999999859, 2.291769079475524, 2.5000226803571546, 2.2333971980491962, 2.5000002771183536
10.799999999999859, 2.3083857111856583, 2.500034580138921, 2.2413082888161564, 2.500030755020616
10.819999999999858, 2.3280054623851387, 2.5000242716230443, 2.253742479447315, 2.5000420464895847
10.839999999999858, 2.3527367930767715, 2.500076586208868, 2.26622818944355, 2.500001818593477
10.859999999999857, 2.380104541205166, 2.500021379757643, 2.2868040642407186, 2.5000325583612195
10.879999999999857, 2.414898420073319, 2.5001086638305687, 2.3104297693428455, 2.5000586963063
10.899999999999856, 2.4532026239379716, 2.5001398002452513, 2.3366367789353433, 2.5000003910415005
10.919999999999856, 2.4955859522694532, 2.5000413019726087, 2.3671641126565213, 2.5000927878693995
10.939999999999856, 2.4387753754276966, 2.500440437349665, 2.398907406742466, 2.500087575060209
10.959999999999855, 2.3854474968481645, 2.5000311694390946, 2.4324953582257187, 2.500080461359236
10.979999999999855, 2.3641076314362004, 2.5000404786788013, 2.4518807060803423, 2.5000182451874946
10.999999999999854, 2.35845136007007, 2.5000048665595345, 2.4640713623221235, 2.5000078917962436
11.019999999999854, 2.36469587970741, 2.500003755876063, 2.46866378596606, 2.50000088088423
11.039999999999853, 2.3749839306069505, 2.5000259372437417, 2.47124427350573, 2.5000001840922743
11.059999999999853, 2.3878648228764705, 2.5000262030085683, 2.473343838370986, 2.50000062036459
11.079999999999853, 2.3999883169974368, 2.500015106905937, 2.4753900508187847, 2.5000001066164517
11.099999999999852, 2.410821043428099, 2.5000298845883653, 2.477057296968354, 2.5000004282658326
11.119999999999852, 2.421690387397573, 2.5000080447319823, 2.4786884439978363, 2.500000128577238
11.139999999999851, 2.4303968490252474, 2.500005098470374, 2.4800505937942128, 2.5000002876395864
11.159999999999851, 2.437971594145621, 2.500002972442074, 2.4813591713956704, 2.5000001585696188
11.17999999999985, 2.444578323168252, 2.500001021145369, 2.482500386605454, 2.500000178288453
11.19999999999985, 2.4499694694941208, 2.500002675924056, 2.483557696663031, 2.500000164863319
11.21999999999985, 2.4548992786643145, 2.500001061615746, 2.484533813731502, 2.50000008879142
11.23999999999985, 2.4590403590395833, 2.5000013934862166, 2.485394691441572, 2.5000001452558127
11.259999999999849, 2.462668613232166, 2.500001152358196, 2.486243205402411, 2.5000000142602308
11.279999999999848, 2.465935054665122, 2.5000005427587864, 2.4869498444955753, 2.5000001080270198
11.299999999999848, 2.4686590790619567, 2.500000880307769, 2.4876566342075463, 2.500000051175003
11.319999999999848, 2.4712395629121704, 2.5000001872052704, 2.4882814045320303, 2.5000000626792738
11.339999999999847, 2.4733401056988575, 2.5000006201421514, 2.4888664587224567, 2.5000000694234426
11.359999999999847, 2.475386315830917, 2.5000001087097528, 2.4894326881485007, 2.5000000165100573
11.379999999999846, 2.477054321264175, 2.5000004280766523, 2.489921237997136, 2.500000057863574
11.399999999999846, 2.4786854668241793, 2.500000129857536, 2.4904098597501907, 2.5000000273126712
11.419999999999845, 2.480048206436662, 2.5000002874019294, 2.490859468708875, 2.500000011574308
11.439999999999845, 2.481356783093444, 2.5000001592766363, 2.491276067802643, 2.5000000080060523
11.459999999999845, 2.4824984575845184, 2.5000001780043277, 2.4916691154316095, 2.500000001381949
11.479999999999844, 2.4835557670259516, 2.5000001651953387, 2.492033192259228, 2.500000005560612
11.499999999999844, 2.4845322430468766, 2.5000000884839437, 2.492377087051101, 2.5000000074663102
11.519999999999843, 2.4853931203487925, 2.5000001453564913, 2.4927037840145503, 2.5000000055569456
11.539999999999843, 2.4862419160983587, 2.500000013951473, 2.4930144649168824, 2.5000000010287415
11.559999999999842, 2.486948554916701, 2.500000107993084, 2.4933044971517244, 2.500000003882481
11.579999999999842, 2.487655344353811, 2.500000051415928, 2.493580481767143, 2.500000005075332
11.599999999999842, 2.488280337047009, 2.50000006257268, 2.493844562598301, 2.5000000034246113
11.619999999999841, 2.4888653910491976, 2.500000069505085, 2.4940971491314614, 2.500000000236764
11.63999999999984, 2.489431796731483, 2.5000000163688796, 2.4943341617314716, 2.5000000032609644
11.65999999999984, 2.4899203464489177, 2.500000057853597, 2.4945622912611416, 2.5000000035009924
11.67999999999984, 2.4904089680707577, 2.500000027433909, 2.4947819926936465, 2.50000000172253
11.69999999999984, 2.4908586859549198, 2.5000000115749854, 2.494991849204131, 2.5000000013255277
11.719999999999839, 2.491275347561368, 2.500000007980984, 2.495192252140418, 2.5000000027506797
11.739999999999839, 2.491668451117842, 2.50000000133786, 2.495386340785984, 2.500000002256469
11.759999999999838, 2.4920325278726607, 2.5000000055893223, 2.49557441125455, 2.5000000003285647
11.779999999999838, 2.492376472750091, 2.500000007470628, 2.4957540473337967, 2.50000000176419
11.799999999999837, 2.49270321458463, 2.500000005542675, 2.495928585610512, 2.500000002158074
11.819999999999837, 2.4930139357028613, 2.500000001000406, 2.496098684819043, 2.500000001195291
11.839999999999836, 2.4933039678915283, 2.5000000039003205, 2.4962637251665623, 2.500000000730953
11.859999999999836, 2.4935799885622894, 2.5000000050765383, 2.4964237453018345, 2.5000000017609914
11.879999999999836, 2.493844101707838, 2.500000003412894, 2.4965806523507053, 2.5000000015381834
11.899999999999835, 2.494096688205989, 2.500000000260055, 2.4967346205671554, 2.500000000294263
11.919999999999835, 2.4943337297563075, 2.5000000032699696, 2.496884761269576, 2.5000000011785994
11.939999999999834, 2.4945618851921254, 2.5000000034986507, 2.4970327073603844, 2.5000000015596857
11.959999999999834, 2.4947816097694786, 2.5000000017111543, 2.4971788927346794, 2.500000000980664
11.979999999999833, 2.4949914662558057, 2.5000000013383104, 2.4973233308716436, 2.5000000003957297
11.999999999999833, 2.4951918898237047, 2.500000002753702, 2.49746629417723, 2.5000000013133294
12.019999999999833, 2.4953859967969945, 2.5000000022515336, 2.497608667414663, 2.500000001342739
12.039999999999832, 2.4955740834719635, 2.500000000317082, 2.497750652057816, 2.50000000056308
12.059999999999832, 2.4957537195335155, 2.500000001770404, 2.497892641150315, 2.5000000007283565
12.079999999999831, 2.4959282720525118, 2.5000000021573263, 2.4980353091066387, 2.5000000013627686
12.099999999999831, 2.4960983836686768, 2.5000000011886594, 2.4981789217603287, 2.5000000012448194
12.11999999999983, 2.4962634240012624, 2.5000000007392558, 2.4983237700015715, 2.5000000003799525
12.13999999999983, 2.496423454819336, 2.5000000017631914, 2.498471048629471, 2.50000000085018
12.15999999999983, 2.4965803709127763, 2.5000000015350836, 2.498621133300808, 2.5000000014577117
12.17999999999983, 2.496734346603669, 2.500000000286462, 2.498774196345041, 2.500000001391092
12.199999999999829, 2.496884487293732, 2.500000001183154, 2.4989307109943786, 2.500000000601257
12.219999999999828, 2.497032439338561, 2.50000000155943, 2.4990923837823984, 2.500000000723911
12.239999999999828, 2.4971786291765024, 2.5000000009760055, 2.499260111115575, 2.5000000015889317
12.259999999999827, 2.497323067302034, 2.5000000004025047, 2.4994338422473796, 2.5000000018656556
12.279999999999827, 2.497466033593572, 2.500000001315701, 2.499611387434326, 2.4999952385514597
12.299999999999827, 2.497608408332779, 2.5000000013409527, 2.4997888590082957, 2.499978891645648
12.319999999999826, 2.4977503929683467, 2.500000000557246, 2.4999663399521315, 2.499962535369971
12.339999999999826, 2.497892382049799, 2.5000000007335688, 2.4875935767629516, 2.487374605938985
12.359999999999825, 2.498035048443832, 2.500000001364042, 2.4722817992937838, 2.471846372639905
12.379999999999825, 2.498178657913918, 2.5000000012421313, 2.4475866216811233, 2.446927459094541
12.399999999999824, 2.4983235012604266, 2.5000000003731446, 2.4077028349358174, 2.406811245839845
12.419999999999824, 2.498470779876443, 2.500000000855253, 2.367813036456137, 2.3667010443195236
12.439999999999824, 2.4986208578259688, 2.5000000014589605, 2.3279388178279476, 2.3265752629477103
12.459999999999823, 2.4987739121779224, 2.5000000013882397, 2.2880584409379012, 2.286455639837755
12.479999999999823, 2.498930415988667, 2.5000000005938636, 2.24818604816867, 2.246328032606985
12.499999999999822, 2.4990920887623713, 2.5000000007308327, 2.2083186349499457, 2.2061954458257067
12.519999999999822, 2.4992598028970923, 2.5000000015919923, 2.1684465575577048, 2.1660675232179494
12.539999999999822, 2.4994335182176504, 2.500000001864328, 2.1285964146829404, 2.125917666092711
12.559999999999821, 2.499611063601128, 2.499995268371959, 2.0887366700814978, 2.085777410694151
12.57999999999982, 2.4997885351580007, 2.4999789214832453, 2.0488945247891537, 2.045619555986496
12.59999999999982, 2.4999660160847377, 2.499962565224667, 2.0090553143914174, 2.0054587663842303
12.61999999999982, 2.487621515108034, 2.4874029429919378, 1.9692155647071186, 1.965298516068525
12.63999999999982, 2.4723097413576753, 2.4718747059739976, 1.9294028393516616, 1.9251112414239797
12.659999999999819, 2.4476593941793814, 2.4470006668255397, 1.8895761191052296, 1.8849379616704094
12.679999999999819, 2.407775618495314, 2.4068844425096088, 1.8497829424705412, 1.8447311383050973
12.699999999999818, 2.3678858308945907, 2.366774230110334, 1.8099866672925355, 1.8045274134831006
12.719999999999818, 2.328011583343261, 2.326648477661667, 1.7701991560897035, 1.76431492468593
12.739999999999817, 2.288131219027357, 2.2865288419775727, 1.730441212331331, 1.7240728684443
12.759999999999817, 2.248258788912606, 2.2464012720923288, 1.6906620709182305, 1.6838520098573984
12.779999999999816, 2.2083913904877974, 2.2062686705171393, 1.6509443316885168, 1.6435697490871133
12.799999999999816, 2.168519265333634, 2.1661407956713026, 1.611207318321077, 1.6033067624545503
12.819999999999816, 2.1286691401446776, 2.1259909208602608, 1.5714999084835075, 1.5630141722921145
12.839999999999815, 2.088809412899589, 2.085850648105351, 1.5318137831328777, 1.522700297642742
12.859999999999815, 2.04896721093325, 2.045692850071689, 1.4921106649127018, 1.4824034158629178
12.879999999999814, 2.0091280215665, 2.0055320394384406, 1.4524839029517123, 1.442030177823905
12.899999999999814, 1.9692882001227574, 1.9653718608821855, 1.41281593945772, 1.4016981413178946
12.919999999999813, 1.9294755005700144, 1.9251845604349302, 1.3732162925708231, 1.3612977882047874
12.939999999999813, 1.8896488055962746, 1.8850112554086722, 1.3336033310472728, 1.3209107497283354
12.959999999999813, 1.8498555450964385, 1.8448045159085065, 1.294039205107157, 1.2804748756684454
12.979999999999812, 1.81005930122967, 1.8046007597752767, 1.254563932526398, 1.2399501482492021
12.999999999999812, 1.7702716848366025, 1.7643883761683476, 1.2150190158060148, 1.199495064969583
13.019999999999811, 1.7305137802074133, 1.7241462807975385, 1.1754066884596257, 1.1591073923159698
13.03999999999981, 1.6907346770277305, 1.683925383977223, 1.1357291840008483, 1.118784896774745
13.05999999999981, 1.651016817761126, 1.643643243243828, 1.096174264094366, 1.0783398166812255
13.07999999999981, 1.6112798524221683, 1.6033802085827873, 1.0566063936412569, 1.0379076871343322
13.09999999999981, 1.5715722954044244, 1.563087765600532, 1.016953048819905, 0.9975610319556818
13.11999999999981, 1.5318862305827197, 1.5227738304222385, 0.9772174943252208, 0.9572965864503638
13.139999999999809, 1.492182935605744, 1.482477125399213, 0.9373986985809855, 0.9171153821945963
13.159999999999808, 1.4525562498682347, 1.4421038111367241, 0.8974186907994438, 0.8770953899761357
13.179999999999808, 1.4128883605197893, 1.4017717004851713, 0.8573781732094796, 0.8371359075660976
13.199999999999807, 1.373288529812874, 1.3613715311920886, 0.8172798737605225, 0.7972342070150524
13.219999999999807, 1.3336756609081353, 1.3209844000968292, 0.7771265204020011, 0.7573875603735715
13.239999999999807, 1.294111172704098, 1.2805488883008673, 0.7368032916378883, 0.7177107891376838
13.259999999999806, 1.2546360292482084, 1.2400240317567586, 0.6959198031871858, 0.678594277588384
13.279999999999806, 1.2150912375770837, 1.199568823427885, 0.6550971299625724, 0.6394169508129951
13.299999999999805, 1.1754790312043428, 1.1591810298006275, 0.6143317323727444, 0.6001823484028208
13.319999999999805, 1.135801643643604, 1.118858417361368, 0.5736200708263983, 0.5608940099491646
13.339999999999804, 1.0962463855611313, 1.0784136754438407, 0.5329586057322303, 0.5215554750433303
13.359999999999804, 1.0566786740616887, 1.037981386943285, 0.4920291029985629, 0.4824849777769937
13.379999999999804, 1.0170254822367422, 0.9976345787682332, 0.4509476942964093, 0.443566386479145
13.399999999999803, 0.9772900747812017, 0.9573699862237754, 0.4100434025678859, 0.4044706782076661
13.419999999999803, 0.9374715952425385, 0.9171884657624376, 0.3693003875280883, 0.3652136932474614
13.439999999999802, 0.8974917003699037, 0.8771683606350742, 0.3287028088921122, 0.3258112718834352
13.459999999999802, 0.857451290711013, 0.8372087702939666, 0.2882348263750534, 0.28627925440049173
13.479999999999801, 0.8173530942152956, 0.7973069667896857, 0.2478805996920074, 0.24663348108353542
13.499999999999801, 0.7771998388321805, 0.7574602221728025, 0.20762428855807005, 0.20688979221747048
13.5199999999998, 0.7368779516471625, 0.7177821093578213, 0.1674500526883369, 0.16706402808720133
13.5399999999998, 0.6959943489883712, 0.6786657120166143, 0.12734205179790367, 0.12717202897763227
13.5599999999998, 0.6551715680145485, 0.6394884929904388, 0.08728444560186602, 0.08722963517366764
13.5799999999998, 0.6144060691343904, 0.6002539918705985, 0.047261393815319644, 0.04725268696021172
13.599999999999799, 0.5736943127565937, 0.560965748248397, 0.007257056153360189, 0.0072570246221688815
13.619999999999798, 0.5330327592898544, 0.5216273017151379, 0.0, 0.0
13.639999999999798, 0.4921042379703975, 0.48255582303459765, 0.0, 0.0
13.659999999999798, 0.45102249159486585, 0.443637569410131, 0.0, 0.0
13.679999999999797, 0.41011789109756946, 0.4045421699074291, 0.0, 0.0
13.699999999999797, 0.36937459619360435, 0.3652854648113959, 0.0, 0.0
13.719999999999796, 0.3287767665980661, 0.32588329440693586, 0.0, 0.0
13.739999999999796, 0.28830856202605026, 0.2863514989789533, 0.0, 0.0
13.759999999999796, 0.24795414219265266, 0.2467059188123526, 0.0, 0.0
13.779999999999795, 0.207697666812969, 0.20696239419203796, 0.0, 0.0
13.799999999999795, 0.16752329560209486, 0.1671367654029138, 0.0, 0.0
13.819999999999794, 0.12741518827512588, 0.12724487272988438, 0.0, 0.0
13.839999999999794, 0.08735750454715786, 0.0873025564578541, 0.0, 0.0
13.859999999999793, 0.047334404133286406, 0.04732565687172727, 0.0, 0.0
13.879999999999793, 0.007330046748607209, 0.00733001425640817, 0.0, 0.0
